"Country","dbase","Year","avgLat","avgLong","majstage","majVar","majSBR","majscSBR","class","sand","PH","silt","clay","CEC","soilbulk","orgcarb","nitrogen","dem","aviJunJul","eviJunJul","gciJunJul","gndviJunJul","ndmiJunJul","tmaxJunJul","tminJunJul","windJunJul","precJunJul","smoistJunJul","pdsiJunJul","vpdJunJul","maxdewJunJul","mindewJunJul","etiJunJul","dsr09JunJul","dsr12JunJul","dsr15JunJul","aviNovDec","eviNovDec","gciNovDec","gndviNovDec","ndmiNovDec","tmaxNovDec","tminNovDec","windNovDec","precNovDec","smoistNovDec","pdsiNovDec","vpdNovDec","maxdewNovDec","mindewNovDec","etiNovDec","dsr09NovDec","dsr12NovDec","dsr15NovDec","aviDecJan","eviDecJan","gciDecJan","gndviDecJan","ndmiDecJan","tmaxDecJan","tminDecJan","windDecJan","precDecJan","smoistDecJan","pdsiDecJan","vpdDecJan","maxdewDecJan","mindewDecJan","etiDecJan","dsr09DecJan","dsr12DecJan","dsr15DecJan"
"Malawi","patrust",2022,-16.106944,34.84,"x","x",1,1,"c1",60.09164606,62.92957042,15.46352712,23.37890645,27.91846345,145.3095543,20.96672216,67.79716025,80.08021015,0.360342198,0.338569612,2.534974127,0.557310513,0.032338292,27.00859454,14.05855274,1.408548218,82.60778207,1161.380828,5.914502344,0.521725775,18.42125584,10.62384973,12.96376306,535.6593145,459.9835381,23.04588645,0.321206628,0.256204138,2.024548582,0.500894124,-0.069537626,35.47421449,23.38289452,1.782903575,211.2155641,760.481473,2.507430592,1.533959661,24.24152074,14.74320164,17.34274423,794.7923429,536.1743871,100.7085452,0.381449428,0.361134875,2.689892512,0.56254352,0.054975419,33.4171906,22.88421059,1.282903575,388.8233657,1942.373852,2.785706025,1.126040305,25.82795904,17.25815105,19.7115802,789.3759896,514.6793745,99.70593563
"Malawi","patrust",2020,-15.9263,35.06727,"x","Bimha",4,4,"c4",52.38065705,54.46952181,12.7952739,31.39522264,26.74164175,127.6335148,24.61980764,68.42564055,1160.346812,0.268951352,0.196341322,2.299171838,0.532658346,-0.082844661,20.35000038,11.55000019,1.950000048,51,356,-3.710000038,0.49000001,14.60839272,4.643731594,6.921257824,593.9409125,437.23773,20.89659989,0.308109189,0.231582005,2.244600502,0.524180629,-0.008918121,28.85000038,19.29999924,1.899999976,286,1166,-4.804999828,1.120000005,20.28542519,11.68102455,16.10863752,755.8819543,507.444323,95.90254279,0.460019555,0.48494454,3.68982031,0.618568315,0.270014352,26.75,18.39999962,1.350000024,565,2136,-3.974999905,0.605000019,21.57302284,16.82418251,19.70326951,690.3437714,403.6735403,73.82951262
"Malawi","patrust",2019,-15.9263,35.06727,"x","Kaleya",1,1,"c1",52.38065705,54.46952181,12.7952739,31.39522264,26.74164175,127.6335148,24.61980764,68.42564055,1160.346812,0.311337438,0.255992579,2.622891799,0.563457232,-0.01380828,20.29999924,11.55000019,1.700000048,33,690,3.549999952,0.419999987,15.65380287,3.882348537,10.7399272,692.3717479,501.2435106,24.88396537,0.321391873,0.247380492,2.097433518,0.508713797,-0.020384659,28.25,18.85000038,2,379,1516,2.099999905,0.790000021,21.26882362,12.38082314,13.00994523,737.6044229,525.4481673,96.84055633,0.375056752,0.355704783,2.187005569,0.506062392,0.102086869,26.39999962,18.10000038,1.75,603,2136,2.595000029,0.529999971,21.84319496,15.18190956,15.06424877,661.7925755,462.7997407,85.27850154
"Malawi","patrust",2018,-15.92197,35.07268,"x","CLARK-63K",2,2,"c2",52.34248054,54.72233354,13.21299698,31.17378765,26.5424147,129.2614047,24.21258044,68.73827631,1158.773673,0.320823034,0.275210637,2.74134992,0.576388785,0.025617821,19.86080118,12.40777854,2.081520314,57.51449863,835.6985693,-1.056862921,0.296339903,14.57134438,4.525292873,10.81918131,617.7077427,446.8925199,20.83976509,0.31652094,0.240929597,1.945359255,0.490620821,-0.023142771,26.21831169,16.86063998,1.814544202,449.5262183,1226.718659,0.855554774,0.627687528,20.82467079,9.413812637,12.3862592,669.8236538,464.6137173,84.53776174,0.448952437,0.432414335,2.187804756,0.521206512,0.119835865,25.51749446,17.46325828,1.208990014,784.7797348,2157.016288,2.5525315,0.346707298,21.31447792,14.36779213,14.17274683,597.2138256,390.8178137,70.5619071
"Zambia","patrust",2023,-15.870058,26.772517,"x","x",4,4,"c4",75.07440696,62.10270126,11.99135359,14.74524708,19.28554178,150.3481238,19.0076101,45.87259176,1024.451947,0.295828396,0.214451475,1.876717555,0.482420764,-0.148692406,26.73404344,8.192021531,2.615956227,0,916.4251141,-2.03319129,1.293404372,12.39647865,-10.17243004,787.3613502,787.3613502,715.7238277,122.3915018,0.396983611,0.290653763,1.748945635,0.465818027,-0.103709828,32.6079778,20.35797831,2.734043765,226.6808716,966.2874318,-3.420371566,1.802393389,21.82668495,6.032159328,749.1781584,749.1781584,675.3444726,200.8175252,0.429443303,0.321006085,1.833201258,0.478046173,-0.085031594,31.11595694,20.10000038,2.5,203.6808716,730.1704976,-3.542765036,1.363191259,22.7104435,8.455347061,685.2430318,685.2430318,580.1574423,174.9495719
"Malawi","patrust",2023,-15.518889,35.220833,"x","x",1,1,"c1",59.98740996,59.6293417,11.84125931,26.73987671,26.71350006,139.889355,24.78053064,65.46214017,1012.595887,0.307585447,0.254551196,2.738156486,0.576599302,-0.041566005,23.14999962,12.85000038,1.700000048,9,1776,3.194999933,0.654999971,14.94436073,2.549218655,709.5969419,709.5969419,509.6864219,25.00229247,0.382575603,0.3051623,2.424960466,0.544852247,-0.033843669,29.95000076,20.04999924,2.150000095,168,574,-3.00999999,1.154999971,21.06411171,10.06319618,754.2381024,754.2381024,546.6209789,103.4523783,0.407844791,0.322141785,2.269168938,0.529220263,-0.021759998,30.20000076,21.39999962,2.099999905,103,267,-3.599999905,1.24000001,22.11501503,10.14541054,776.1427229,776.1427229,556.569087,111.6907386
"Zambia","patrust",2023,-15.439622,28.41378,"x","x",1,1,"c1",63.19909698,58.91401798,12.78131029,23.16824989,21.94242631,145.8690603,22.92169851,58.38869889,1255.510773,0.279990885,0.223813113,2.503014954,0.554009486,-0.076655565,24.83200802,10.6946602,2.522337053,0,777.6434561,-2.870891414,1.164999962,12.06575966,-6.14212656,750.6876958,750.6876958,678.0641619,97.50318072,0.395161274,0.347554108,2.863263312,0.586894271,0.009906795,30.41401604,19.60533948,2.950000048,185.5543269,482.7882468,-3.390459683,1.528644793,20.00945473,5.691613674,782.3644422,782.3644422,660.3286887,175.7518356,0.381685812,0.357257685,3.229129162,0.616413189,0.050113365,29.21868741,19.6106796,2.599999905,160.1286021,281.6963288,-3.6218385,1.221831646,20.88372231,7.371850491,704.0237074,704.0237074,564.9331418,152.7488074
"Zambia","patrust",2023,-14.431456,28.455803,"x","x",1,1,"c1",60.76786808,60.67144127,15.47995998,24.81274368,23.39436254,149.1441028,21.19023242,53.28332311,1194.166151,0.256512106,0.157982504,1.356144776,0.402943913,-0.082910679,26.02811931,10.62553348,3.049999952,0,874.343579,2.082034184,1.275623957,12.42735925,-3.597458522,808.8024068,808.8024068,700.2993051,107.4862397,0.301001266,0.183211937,1.292325191,0.38994742,-0.083833376,30.83905972,19.58883311,2.92448386,209.7811979,705.249583,-2.716717982,1.495623985,20.47441356,6.273197643,771.8747973,771.8747973,579.3922706,146.2120319,0.448952437,0.432414335,2.187804756,0.521206512,0.119835865,29.70000076,19.65106708,2.700000048,176,490.4683929,-3.097811968,1.227811968,21.19632812,6.289631108,695.3758567,695.3758567,508.153841,129.7901009
"Malawi","patrust",2020,-14.17703,33.79996,"x","Bimha",2,2,"c2",63.07902247,60.42257525,13.62505194,23.15620353,24.60769649,136.1742061,24.94190665,66.87776818,1144.136181,0.285310962,0.223637035,2.339506152,0.535543095,-0.088815184,24.01226714,9.698175185,2.809879877,2.980683966,765.2183014,1.156260489,0.831074679,12.94191933,0.518731713,7.944467973,709.4045401,503.592157,37.80514209,0.294536416,0.215164727,2.038935874,0.495788294,-0.105421282,30.37001033,19.05937079,2.290325467,148.652142,365.5255575,-4.839320778,1.36192502,18.22356606,7.459069729,14.59289103,817.8629698,574.1428472,115.7622408,0.292596883,0.220289045,1.965100192,0.480960499,-0.072701619,27.98044559,18.22001071,1.749239625,412.3896087,2051.976883,-4.929089493,0.834999979,20.0106144,14.86757851,20.08247111,706.1581764,472.0733888,90.00818234
"Zambia","patrust",2023,-14.133756,31.862474,"x","x",1,1,"c1",64.92021249,60.24818046,13.83396353,20.21427069,24.33410662,143.7215503,22.36341777,57.43569196,1028.794468,0.290235959,0.184579238,1.829978923,0.477091653,-0.110507455,26.70000076,13.14999962,2.349999905,1,1092,2.994999886,1.254999995,13.74958674,3.574672201,778.9119984,778.9119984,637.6480009,68.44452204,0.271458219,0.158839723,1.599154552,0.443534282,-0.177273081,33.20000076,20.95000076,2.75,274,881,1.059999943,1.835000038,21.14679432,6.671244243,822.621684,822.621684,625.795592,139.9491369,0.276092443,0.163845052,1.632809117,0.448442172,-0.169894254,32.09999847,21,2.5,205,646,0.620000005,1.669999957,21.66904196,6.13731134,791.6113361,791.6113361,567.1060965,132.6528244
"Malawi","online",2016,-14.022254,33.00362,"R6","x",7,3,"c3",67.91956334,59.58270921,12,18.53068752,23.12741078,140.1329428,21.20905155,53.23983893,1132.873559,0.31663002,0.236739444,2.199609709,0.521537684,-0.091720445,24.9935159,8.972568179,2.853715775,4,920.2892432,-2.599999905,0.901932626,13.72661781,2.464105129,9.052938408,738.6093467,546.3888377,47.44858761,0.347800407,0.24985657,1.811944319,0.47115383,-0.110291989,30.84189508,17.5193267,2.332418911,234,842.3566436,-3.001621069,1.346608409,20.40426064,10.41759682,13.0657283,784.2487138,520.8454111,107.1017374,0.371014227,0.282474141,1.95684213,0.490362432,-0.072533389,29.14189432,17.14513637,1.735324247,373.0648453,2071.910378,-3.451621116,0.809351549,21.41393471,15.49263954,13.95869823,689.3597891,461.0600171,93.83915531
"Malawi","online",2016,-14.02118,33.07533,"R6","Solitre",6,3,"c3",70.89636219,59.77016915,11.79313673,17.54235804,22.49857012,140.7905859,20.53099446,50.83765366,1113.162078,0.306541112,0.200366983,1.749733131,0.465292182,-0.158380705,24.91759231,8.903518121,2.867888825,2,896.085202,-2.548240739,0.890879602,13.51177406,1.943597436,8.45136624,721.5511881,532.9725674,45.87721661,0.341158588,0.222485474,1.230214869,0.373619274,-0.115463808,30.71583363,17.3605554,2.320351826,230.7185223,817.3611649,-2.998240787,1.321583338,20.18975258,10.04064369,14.4153967,777.0451074,540.4888025,110.3625264,0.382870484,0.287320205,1.537277516,0.408066825,-0.05188701,29.01759203,17.15703662,1.793944427,373.7185276,2050.948261,-3.498240787,0.796231472,20.93825722,15.25063515,16.02533853,678.5289164,472.0537006,95.4087881
"Malawi","patrust",2017,-13.98333,33.63333,"x","Afayak",1,1,"c1",60.98906442,59.62323764,13.06310965,23.60274027,25.35700459,139.0447037,25.36884764,69.85248984,1146.513518,0.277645381,0.203721816,2.229228062,0.526346279,-0.112443354,24.69831306,10.04493832,2.464662501,2,970.9201283,-2.150000095,0.789831279,13.82787514,0.609735131,7.876107889,744.8569259,542.5608742,43.46107315,0.278174453,0.196968433,1.826588489,0.470259451,-0.066828974,28.65168699,16.84493834,2.044493864,290.2699653,1171.316081,-1.149999976,0.904999971,19.97869301,10.30751991,13.80742561,698.3082515,496.5773588,93.01988918,0.39365151,0.355258495,2.674368901,0.57114279,0.061881677,27.50337434,17.09831301,2.185843619,362.2362237,2374.813261,-1.549999952,0.775337438,20.52810097,12.9059391,17.53967433,725.9744233,476.0351127,91.84873088
"Malawi","patrust",2019,-13.97933,33.64513,"x","Kaleya",5,5,"c5",60.90777553,59.85195512,12.79745726,23.64948473,25.00208621,139.1094234,25.55509524,70.05998025,1145.113162,0.255861796,0.169095018,2.011760363,0.500229931,-0.163904796,24.10000038,9.050000191,2.75,3,1125,6.349999905,0.769999981,13.90178871,2.594659328,5.992691645,776.7782532,589.3166022,50.0885032,0.262405299,0.151083327,1.708895705,0.459032264,-0.18016133,29.60000038,18.20000076,2.450000048,481,2757,6.949999809,0.985000014,20.46557045,12.2255497,8.671756075,725.728746,549.9433637,108.0013269,0.348635795,0.335680834,2.175713522,0.495131043,0.115862632,27.60000038,17.89999962,2.150000095,624,3612,8.395000458,0.709999979,20.95162392,14.60793495,12.96993145,655.3167716,478.7251386,93.6832586
"Malawi","patrust",2020,-13.97933,33.64513,"x","Bimha",4,4,"c4",60.90777553,59.85195512,12.79745726,23.64948473,25.00208621,139.1094234,25.55509524,70.05998025,1145.113162,0.258323086,0.168730523,1.997482507,0.498721717,-0.166322261,24.45000076,9.350000381,2.799999952,3,732,1.13499999,0.875,13.25591469,1.398461938,4.393863312,729.6787348,518.9134425,41.27977342,0.268734862,0.160389272,1.755824946,0.466117894,-0.173545512,30.14999962,18.60000038,2.299999952,167,470,-4.71999979,1.320000052,19.03109169,9.062952042,7.90665012,830.3642955,632.8040629,130.7038019,0.222224898,0.137075029,1.372631917,0.406931042,-0.074269362,27.75,17.95000076,1.799999952,415,2093,-4.755000114,0.814999998,20.5682621,15.97667885,14.06183191,696.9014696,478.2278649,92.8775391
"Malawi","online",2016,-13.96853,32.9996,"R6","Mixed",5,3,"c3",69.67988333,59.63118618,11.98791957,18.19304648,22.32059704,142.9406969,20.37984968,50.30199646,1142.779745,0.314081961,0.220814921,1.915489796,0.487918764,-0.12884244,25.0214985,9.069399695,2.851422228,4,907.0232577,-2.578835081,0.905551262,13.72661781,2.464105129,9.471456313,712.3110353,550.7400319,47.48078502,0.355522846,0.244650398,1.628165296,0.445459757,-0.119239527,30.83501623,17.59570799,2.361529263,234.3075158,847.8368094,-2.950000048,1.338553532,20.40426064,10.41759682,14.93577965,814.8877385,563.8698011,116.530917,0.40669845,0.313487394,1.905502797,0.479880545,-0.064445724,29.13858085,17.2271963,1.764171993,373.5986376,2076.718923,-3.410323138,0.806026399,21.41393471,15.49263954,16.83758234,716.3787944,490.5552016,99.81086894
"Malawi","online",2016,-13.92605,32.9992,"R5","SC SERENADE",7,3,"c3",70.5132818,60.00213464,12.08864882,18.90049551,22.7924252,142.5787133,21.52733285,53.82918237,1117.987916,0.273121422,0.162107955,1.673062818,0.454730014,-0.165230953,24.75543255,9.050000191,2.886086477,4,944.2837722,-2.494567541,0.894999981,13.75591469,2.239984035,7.253548127,725.6248846,553.9600939,48.63052414,0.325674036,0.197806723,1.623092099,0.447495119,-0.12720636,30.55543179,17.45543307,2.3810866,236.5654037,882.0886296,-2.950000048,1.311086444,20.17772865,10.131464,12.3208093,786.9437312,584.2271032,119.6399999,0.328701657,0.202317717,1.643862053,0.449854079,-0.123076633,28.90543217,17.21086562,1.808370214,375.7826999,2131.132944,-3.450000048,0.791629758,21.13463783,15.21041298,17.29859705,711.6864014,473.9533949,95.35294403
"Malawi","patrust",2019,-13.91912,33.67707,"x","Kaleya",1,1,"c1",64.86613991,60.76775878,13.01815619,21.62580707,24.878053,138.6971088,25.41578628,68.90835766,1099.740807,0.270230841,0.180055032,2.175615493,0.518695121,-0.14404589,24.14999962,9.25,2.737489243,2.250213968,1173.267315,6.662425106,0.769999981,14.01589394,2.398400784,8.708079963,774.6252552,594.0968293,50.19917179,0.298255255,0.184026209,1.744411232,0.446542116,-0.102334984,29.54999924,18.33748891,2.424978687,471.0042749,2733.289592,7.274978676,0.980000019,20.377985,12.61611366,9.001737548,708.6493863,548.3194876,106.3569165,0.320831273,0.236327431,1.509132835,0.380794079,-0.013767758,27.56251071,17.93753201,2.099999905,625.7514903,3798.020562,8.959974235,0.693753214,21.09285927,14.91546059,15.24387471,640.5138571,457.3856568,88.8710083
"Malawi","online",2016,-13.90206,33.05341,"R5","SC SERENADE",7,3,"c3",71.40214457,60,11.76879047,18.44531659,23.29472833,140.8832608,21.77686581,56.13173908,1088.313379,0.288485768,0.177420906,1.737453638,0.464032278,-0.149445458,24.89995938,9.149999619,2.890006142,4,941.0052335,-2.350040163,0.904999971,13.64349085,1.739842205,8.554607298,724.785969,548.7160775,48.01315752,0.358143804,0.238402307,1.606189594,0.445172578,-0.103245781,30.84993999,17.79997912,2.330007976,226.0020128,817.0132846,-2.950000048,1.359991963,20.10208879,9.837432427,15.93795806,763.2779712,536.5427824,109.0947239,0.380279846,0.275447493,1.806419687,0.465985989,-0.072041808,29.19996049,17.59998026,1.720010092,367.0012075,1973.024153,-3.400000095,0.824995963,20.73938276,15.01937653,20.31453147,685.3804954,483.0285591,98.60401999
"Malawi","online",2016,-13.87864,33.08191,"R5","x",6,3,"c3",72.83139573,59.86041174,10.62883611,17.1991984,22.81568056,143.2567847,20.93523287,55.74418722,1104.33946,0.28762194,0.187915638,1.846146032,0.478728044,-0.133656327,24.82578136,9.180946935,2.895528698,3.693326144,954.4938247,-2.342333089,0.904999971,13.64165688,1.731683373,7.277182353,715.2083591,554.2675803,48.08843876,0.371052511,0.254612799,1.728994209,0.462560703,-0.0855027,30.74126439,17.78028748,2.347787666,227.150922,832.4198643,-2.949470216,1.349483311,20.10085487,9.83263588,14.82208404,779.4661878,559.9861491,113.7313879,0.43357563,0.366816469,2.447992312,0.534818679,0.024740452,29.06388609,17.55700762,1.730178857,367.4444251,1996.790776,-3.430947319,0.813716676,20.73293495,15.01626015,20.36407022,678.2208239,471.7338508,95.99910889
"Malawi","online",2016,-13.82959,33.05373,"R6","TIKOLORE",7,3,"c3",70.48575499,59.84290326,11.78983851,18.68789899,22.65293463,143.6977382,21.23806311,53.9096939,1135.223494,0.279915658,0.172360662,1.932233283,0.490671138,-0.139230169,24.70000076,9.276994287,2.89615026,4,1000.638131,-2.273005824,0.904999971,13.76665688,1.391442895,6.92214676,728.6753999,559.9259063,49.69894208,0.287812139,0.173263801,1.819973944,0.475507721,-0.138761729,30.48450896,17.78849629,2.43314438,230.5398819,880.8681902,-2.950000048,1.327300605,20.15902138,9.78185463,17.10764903,775.4493948,550.8275301,112.0344457,0.292454367,0.180731908,1.885925509,0.484596471,-0.119766002,28.78450886,17.53849629,1.809693616,369.5398819,2064.027718,-3.450000048,0.7923006,20.7300663,14.90590858,20.61794671,695.5572385,490.379121,98.86574706
"Malawi","online",2016,-13.80801,33.09244,"R5","TIKOLORE",3,2,"c2",65.91133676,60,12.22908359,21.93943314,24.64575393,138.9525507,24.06301204,67.51237785,1115.528458,0.266250844,0.171149286,1.869522174,0.481460253,-0.120170827,24.79999924,9.350000381,2.894999981,4,997,-2.349999905,0.904999971,13.76665688,1.391442895,5.480649276,740.4574096,566.5699343,49.84165679,0.2845582,0.186816781,1.803920545,0.471542533,-0.086021612,30.39999962,17.75,2.375,233,907,-3,1.315000057,20.15902138,9.78185463,11.40419255,771.9947203,541.1508475,109.7189695,0.285850357,0.190143327,1.828237275,0.47484304,-0.08138989,28.79999924,17.60000038,1.889999986,374,2135,-3.5,0.785000026,20.7300663,14.90590858,12.92797034,677.5395083,488.2514315,98.41449804
"Malawi","patrust",2023,-13.80301,32.894992,"x","x",5,5,"c5",64.26011435,58.96689111,14.03651683,19.98012716,23.74456988,140.1753179,21.39642105,53.73584056,1196.021582,0.322522977,0.240856015,2.084225946,0.509217561,-0.005381572,25.14999962,10.5,2.400000095,1,1372,3.529999971,1.004999995,13.33608437,1.926324487,776.1975263,776.1975263,607.9354522,56.43477448,0.370867517,0.280555836,2.073724213,0.508063919,0.011930515,30.95000076,18.70000076,2.650000095,240,650,1.879999995,1.350000024,20.77938271,9.507349014,788.0644339,788.0644339,583.5077412,123.7384117,0.376398698,0.294188747,2.174213391,0.520533201,0.030550126,30.70000076,19.39999962,2.400000095,162,398,1.210000038,1.370000005,21.55843544,9.639001846,741.1588052,741.1588052,542.1873854,121.5325019
"Malawi","online",2016,-13.79892,33.1163,"R6","Nasoko",4,2,"c2",69.16714956,59.745489,11.80592509,20.3350663,24.05984878,140.5115389,23.84703796,65.76854397,1110.606923,0.267592904,0.172420124,1.955232024,0.492654731,-0.137809749,24.7910616,9.342426306,2.894353533,3.995057144,993.8339866,-2.331254863,0.904987614,13.76665688,1.391442895,6.97929768,733.5531946,558.493754,48.80940924,0.279287832,0.182396092,1.964547311,0.491240434,-0.11571163,30.40124112,17.74304668,2.385875197,231.7908372,898.2277737,-2.998511377,1.314280045,20.15902138,9.78185463,10.92377609,755.5265583,537.9880282,108.4411774,0.300681375,0.214388903,1.944802249,0.489135507,-0.082692989,28.79987571,17.6006211,1.884400757,372.7808942,2115.993364,-3.499255689,0.784081435,20.7300663,14.90590858,14.42047802,675.3103819,482.5761876,96.67340605
"Malawi","patrust",2023,-13.771901,34.466801,"x","x",3,3,"c3",59.6141529,61.44468061,14.46007583,27.11458628,26.29430071,137.8178083,22.08428812,66.14133507,503.882885,0.290469211,0.208554829,1.751904026,0.465640385,-0.04151597,27.64482666,16.41896225,1.905173015,2,2821.239704,4.210867088,1.206896206,17.9165287,7.790063381,792.8853706,792.8853706,622.2230073,45.68706503,0.297247397,0.176735727,1.377762801,0.407214494,-0.082945449,32.80517219,23.14999962,2.489653921,193,833.6203973,1.746726792,1.480000019,23.23696327,16.34710121,839.602549,839.602549,687.612516,137.2839943,0.320993357,0.194685884,1.35749899,0.403929334,-0.072596,32.02069219,23.41034572,1.899999976,141.7930788,416.6550068,1.069657513,1.254138429,23.89107704,17.15661049,803.8735253,803.8735253,654.1188126,134.0568453
"Zambia","patrust",2022,-13.68187,32.311135,"x","x",4,4,"c4",63.14874476,60.22079674,13.40050477,21.19358685,25,138.9139335,23.59338301,62.82697685,967.74474,0.277156873,0.194920548,2.086311159,0.508921001,-0.135415547,25.75,11,3.349999905,0,1646,3.5,1.014999986,13.50789833,4.07195425,9.9237982,693.9298755,499.4067566,47.17907366,0.293259065,0.18721611,1.753993639,0.464564025,-0.163102626,31.04999924,18.79999924,2.25,354,2138,2.200000048,1.355000019,20.64028358,10.36803627,12.12833645,744.2705331,576.8842869,119.0752295,0.338736441,0.253488202,2.144204584,0.516736491,-0.11558433,28.5,17.89999962,1.899999976,663,4235,3.890000105,0.904999971,21.60976601,14.94051552,14.88397333,660.0516708,490.2423424,101.7205215
"Malawi","patrust",2020,-13.67963,32.73418,"x","Bimha",2,2,"c2",55.49535556,58.46433264,18.18696274,25.56914651,25.56914651,136.7251039,23.94621109,65.80091819,1175.651034,0.287693159,0.240201722,2.98079476,0.596195282,-0.028202682,23.5,9.600000381,3.450000048,1,1065,2.519999981,0.889999986,12.9218998,1.120141625,12.07243327,754.6005734,514.7652763,46.29689302,0.29933712,0.227854023,2.353796957,0.537708877,-0.048629018,30.10000038,18.60000038,2.400000095,264,1421,-3.400000095,1.38499999,19.55690956,8.974542618,15.99627169,767.1718396,586.1680453,123.1510153,0.417896956,0.381111503,2.89659214,0.591552675,0.081892334,27.39999962,17.25,1.850000024,540,3438,-2.654999971,0.824999988,20.84398842,16.3819828,20.17832626,630.2901423,408.3838961,81.70861456
"Malawi","patrust",2018,-13.67235,32.65878,"x","Black Hawk",1,1,"c1",61.21107294,60.64920513,16.09662458,22.24191369,25.10653697,141.0438283,22.34488429,60.7420003,1115.893234,0.283147896,0.195439022,2.108668433,0.510398869,-0.06701546,23.41381301,10.91476065,3.512077416,0.239874447,1538.913105,1.226012572,0.805276691,12.52685641,2.323158739,6.992389375,777.9936487,565.3694046,52.30652259,0.303400717,0.177348256,1.701719429,0.459146203,-0.098020136,28.97404686,17.187269,2.16392103,392.8751192,2561.998392,1.700530383,1.013682244,20.23131542,5.375099698,11.79516623,704.2557612,526.96423,109.1963779,0.382508475,0.333059572,2.363122826,0.541455944,0.102874467,27.64961301,17.38700459,1.712342594,566.8449413,4581.816885,2.850530242,0.633690597,21.46339509,13.75589216,14.8492468,634.3497117,478.5478318,96.67793123
"Malawi","patrust",2018,-13.63703,32.48803,"x","Black Hawk",1,1,"c1",60.54841982,59.70610538,15.30456232,21.98963407,25.05634708,140.8935051,23,65.72394091,957.2371128,0.292214393,0.241129306,2.876143088,0.586598521,-0.049075605,24.60000038,11.39999962,3.5,0,1548,0.949999988,0.889999986,13.23116493,2.127068996,11.05285452,790.7751936,545.2477408,52.55351448,0.384643923,0.351129498,2.687083881,0.552984901,0.044760099,30.04999924,17.79999924,2.049999952,363,2303,1.600000024,1.105000019,21.23363686,5.348535061,16.48820749,704.9551862,551.3390665,114.3901115,0.446379155,0.451185105,3.382819492,0.620926539,0.139823721,28.5,17.95000076,1.600000024,518,4405,2.599999905,0.689999998,22.38109779,14.10891151,20.78841056,619.0522819,495.4930545,101.3159841
"Malawi","online",2014,-13.47684,33.48962,"x","x",6,3,"c3",70.27730831,64.52255047,11.12162023,17.672971,23.66202146,141.3867459,22.32927405,62.53947512,1085.769161,0.278786436,0.190384233,1.871481056,0.481109465,-0.144839489,24.6424972,10.04249757,2.737625797,11,953.6258858,-0.584234523,0.899249723,13.95461464,3.760858059,8.649563256,772.8035692,544.1490445,45.61481426,0.249873066,0.139584617,1.253661343,0.384202785,-0.204088239,29.43874682,18.4537519,2.818124328,213.7749239,554.5498503,-0.804624878,1.159249719,19.48522377,6.959252834,6.815651945,769.0717784,603.8801088,118.0064065,0.248869069,0.148915016,1.049091139,0.341752921,-0.083829975,27.58874643,17.80375076,2.470000029,390.924973,1975.874622,-1.309999943,0.784249766,20.41546059,11.96956825,6.854925331,626.3387732,482.9439306,92.30031899
"Malawi","patrust",2023,-13.434444,33.391667,"x","x",1,1,"c1",68.7918839,62.38523054,12.17217498,20.62079108,24.84972143,140.3202835,23.32790469,61.74949376,1081.245619,0.280076102,0.194626391,2.005961554,0.498560897,-0.087780732,25.14999962,10.30000019,2.450000048,2,1195,5.635000229,0.894999981,13.89931679,0.70400393,795.1684002,795.1684002,600.2381494,52.29840163,0.270110273,0.159911592,1.658431926,0.451948235,-0.13266675,30.5,19.45000076,2.599999905,251,837,3.619999886,1.215000033,20.63540077,11.7759037,758.2757212,758.2757212,519.77337,102.198542,0.267849742,0.161429865,1.710053883,0.459880083,-0.12810801,30.20000076,19.79999924,2.299999952,175,596,3.140000105,1.139999986,20.55849648,13.36971474,692.5453759,692.5453759,538.8409139,109.7018967
"Malawi","online",2014,-13.42972,33.48268,"x","x",5,3,"c3",69.90305769,63.67058956,11.8680315,18.54368812,23.80547342,140.9412534,22.34007709,62.76568242,1074.641278,0.292376658,0.20438151,1.973762156,0.494695542,-0.126807391,24.70000076,10.14999962,2.714999914,11,979,-0.660000026,0.899999976,14.21633339,3.751550198,7.706640895,770.5448817,555.3971648,46.58515017,0.269498237,0.159657831,1.364091518,0.403019846,-0.186719157,29.45000076,18.64999962,2.805000067,211,543,-0.764999986,1.164999962,19.70748329,7.561730862,7.090748796,786.8393134,618.6783456,122.8887667,0.284429264,0.210522851,1.905222602,0.471786952,-0.001894544,27.54999924,17.89999962,2.480000019,388,1929,-1.264999986,0.779999971,20.56539345,12.10427284,8.598865973,646.7209504,500.9091468,95.27305202
"Malawi","patrust",2023,-13.404444,33.621389,"x","x",1,1,"c1",65.40633416,61.94137599,12.48563132,20.08875752,24.56963602,139.6613838,24.08225032,66.5050369,1112.636825,0.306934278,0.247001058,2.571650126,0.558533001,-0.023903186,24.75941264,10.56376497,2.599999905,1,1450.670294,4.861730187,0.883188236,14.07314491,0.861718774,790.4137025,790.4137025,582.756439,49.04538564,0.339056556,0.245801835,2.023648894,0.499343775,-0.041440278,29.99129534,19.4275301,2.618117495,231.9129493,881.7105622,2.880859598,1.17094121,20.73070717,12.18010902,738.8677757,738.8677757,541.6928882,104.6317674,0.354241208,0.269460301,2.163502414,0.515456616,-0.015978393,29.59129518,19.72752934,2.299999952,169.2752981,605.2752937,2.474047839,1.069129527,20.97176552,13.81875038,664.6632995,664.6632995,540.8641685,108.7704425
"Malawi","patrust",2019,-13.25084,33.36922,"x","A773",1,1,"c1",69.49625589,64.20275343,11.61277248,18.64768155,24.54514023,141.3907142,22.11314466,63.03460427,1066.746583,0.273454728,0.19019788,1.910555038,0.486724332,-0.146599635,24.18475922,9.474973983,2.629780833,4,1449.249632,6.454735118,0.816485449,14.03129824,1.348437298,8.345483571,753.4003451,580.2869458,52.24337041,0.315825697,0.230475253,1.117469498,0.350439875,-0.059749236,29.56483514,19.04997998,2.404806936,463.2119938,2580.055405,6.944949921,1.06199373,20.56813945,11.66981861,6.851727531,742.7209549,572.1465383,112.558093,0.351855211,0.305840966,1.432734477,0.372956382,0.061489502,27.7597852,18.16990477,2.014906928,678.1987524,4591.108773,9.631907841,0.756992381,21.33728711,14.47562867,9.248979999,651.7200597,488.8306245,94.02687359
"Malawi","patrust",2023,-13.042771,33.485684,"x","x",1,1,"c1",69.56176801,61.87517226,11.97877523,17.78539066,24.15522605,141.3709522,21.6265278,57.03817313,1049.391957,0.281537901,0.186516728,1.879886489,0.482992357,-0.097880945,25.28972233,10.70981478,2.52009252,1,1636.039083,4.893175739,0.895981497,14.30007057,2.156447749,810.5975682,810.5975682,597.935391,51.62983388,0.325680425,0.216468261,1.795013269,0.472311062,-0.069215949,30.44953713,20.39953775,2.640185054,247.2055511,1025.625908,2.892240506,1.271916744,20.51370283,11.64320291,768.8537218,768.8537218,559.5968541,109.1973469,0.326116202,0.22733143,1.817659464,0.475585868,-0.047485038,30.21963055,20.21963055,2.340184974,181.6074042,723.2425523,2.47429601,1.147944524,21.06266975,13.67425737,693.691825,693.691825,541.7302592,113.0354467
"Malawi","patrust",2019,-12.11662,33.42093,"x","Kaleya",3,3,"c3",65.98025128,60.20284518,11,24.73127211,25.57143539,143.0171204,20.97261892,50.3852589,1239.841129,0.292237203,0.193486988,2.11083748,0.512819845,-0.114819504,23.80697031,9.572787778,3,1,2967.43975,2.267091149,0.808987915,13.64962196,0.652978539,5.938274428,783.8318139,627.7067411,59.47709582,0.30043821,0.156233153,1.601277312,0.441387782,-0.12494644,28.62278886,17.46709168,2.25,613.518767,3784.555068,4.150000095,0.985569715,19.60042763,11.01262856,6.516845647,704.0060307,512.3258938,95.76264416,0.328301335,0.172350869,1.49461901,0.411889594,-0.091898504,26.4227881,16.72278745,1.899999976,824.518767,6620.579229,7.777721174,0.6255697,20.60204506,14.17275429,11.42850539,584.7401816,384.2395649,70.73488905
"Malawi","patrust",2020,-12.11662,33.42093,"x","Bimha",1,1,"c1",65.98025128,60.20284518,11,24.73127211,25.57143539,143.0171204,20.97261892,50.3852589,1239.841129,0.309801239,0.21029637,2.16293588,0.51910164,-0.089341854,23.85696963,9.672788144,3.094303008,1,2667.262869,5.181581858,0.840127346,13.43587685,2.286828518,6.315218431,755.2161097,561.7861366,49.7503669,0.306729803,0.168751769,1.710337279,0.460582203,-0.127381501,28.57278781,17.3670913,2.349999905,236.5187677,1915.199756,1.304175676,1.141709145,18.4689579,7.153527737,8.061180019,715.1273822,583.4807674,115.4906686,0.439551374,0.409789288,2.626590643,0.567703603,0.085896542,25.97278745,16.22278745,1.649999976,557.1514938,4779.767974,2.366387557,0.63499999,19.5526371,13.7762394,10.96469995,541.5887768,407.4006647,74.75348431
"Malawi","patrust",2023,-12.111837,33.412017,"x","x",3,3,"c3",66.83613121,60.15226867,11.53052265,23.88642771,25.3863419,142.740609,20.8853304,51.13963231,1224.816032,0.311899578,0.237812976,2.374872021,0.541488822,-0.051712603,25.22910831,10.8416437,2.952089212,0,3241.637951,5.950570548,0.888328653,13.72146034,2.484155178,805.4170356,805.4170356,608.2335573,57.27113238,0.321746231,0.228150933,1.756254893,0.461177049,-0.022088123,29.73955414,18.44164406,2.852089074,244.1253502,1690.38445,3.412242138,1.104164351,19.58767128,11.35787392,720.8352676,720.8352676,540.3876446,103.4481022,0.32136698,0.229637727,1.794884977,0.467399764,-0.019209402,28.88746463,18.5874654,2.304178286,202.1253502,1213.465219,3.083286569,0.888746485,19.94774818,13.27926064,664.0627366,664.0627366,515.0525683,105.0453459
"Malawi","patrust",2023,-11.918022,33.596386,"x","x",4,4,"c4",63.47149366,63.18048161,13.02604404,24.72948342,24.88656424,142.2790215,20.07480378,48.86693397,1349.081383,0.31766823,0.209453208,1.689935942,0.456163594,-0.066840788,24.18912873,11.27898355,3.099999905,1,2714.639091,3.917101688,0.825941894,15.37185097,4.042748928,795.8414079,795.8414079,593.7167745,54.56996799,0.343784248,0.207749657,1.439593005,0.417132188,-0.065244603,28.83840211,17.85869288,2.929709494,240.7970958,1524.188756,1.415941867,1.015796704,19.91161537,12.23201942,781.4042014,781.4042014,580.3227053,113.0145419,0.350345959,0.221505432,1.475124651,0.422917766,-0.045634673,28.09854737,17.83912835,2.400000095,194.7970958,1110.116232,1.081883851,0.807825722,20.43981361,14.45162392,692.3339793,692.3339793,513.0367336,108.1337474
